{"initial_reset_timestamp": 1618259245.628122, "timestamps": [1618259264.1235173], "episode_lengths": [15], "episode_rewards": [15.0], "episode_types": ["t"]}