{"initial_reset_timestamp": 1618177837.5486495, "timestamps": [1618177838.3224456], "episode_lengths": [31], "episode_rewards": [31.0], "episode_types": ["t"]}