{"initial_reset_timestamp": 1618259184.5968611, "timestamps": [1618259258.1547685], "episode_lengths": [14], "episode_rewards": [14.0], "episode_types": ["t"]}